{"name":"615dc178-ebb1-4725-9143-3af3a8d65125","id":"/providers/Microsoft.Flow/flows/615dc178-ebb1-4725-9143-3af3a8d65125","type":"Microsoft.Flow/flows","properties":{"apiId":"/providers/Microsoft.PowerApps/apis/shared_logicflows","displayName":"Store Microsoft Forms responses in a SQL Server table","definition":{"metadata":{"workflowEntityId":null,"processAdvisorMetadata":null,"flowChargedByPaygo":null,"flowclientsuspensionreason":"BillingConsumption","flowclientsuspensionreasondetails":null,"flowclientsuspensiontime":"2023-04-20T12:57:50.7044005Z","creator":{"id":"9b286c22-f243-4e70-b03f-5753dca23092","type":"User","tenantId":"0785a2ad-70bc-4084-9574-505c57704c69"},"provisioningMethod":"FromDefinition","failureAlertSubscription":true,"clientLastModifiedTime":"2023-04-20T12:57:50.7044005Z"},"$schema":"https://schema.management.azure.com/providers/Microsoft.Logic/schemas/2016-06-01/workflowdefinition.json#","contentVersion":"1.0.0.0","parameters":{"$connections":{"defaultValue":{},"type":"Object"},"$authentication":{"defaultValue":{},"type":"SecureObject"}},"triggers":{"When_a_new_response_is_submitted":{"splitOn":"@triggerOutputs()?['body/value']","metadata":{"operationMetadataId":"27a3859f-e9f3-4fcf-af30-c544ed61440d"},"type":"OpenApiConnectionWebhook","inputs":{"host":{"apiId":"/providers/Microsoft.PowerApps/apis/shared_microsoftforms","connectionName":"shared_microsoftforms","operationId":"CreateFormWebhook"},"parameters":{"form_id":"raKFB7xwhECVdFBcV3BMaSJsKJtD8nBOsD9XU9yiMJJUQlNOWk9YM0RWSEtSVDJTUVpKTEczNDBIRy4u"},"authentication":"@parameters('$authentication')"}}},"actions":{"Get_response_details":{"runAfter":{},"metadata":{"operationMetadataId":"8b82ddca-eaab-423c-80c7-91020138c846"},"type":"OpenApiConnection","inputs":{"host":{"apiId":"/providers/Microsoft.PowerApps/apis/shared_microsoftforms","connectionName":"shared_microsoftforms","operationId":"GetFormResponseById"},"parameters":{"form_id":"raKFB7xwhECVdFBcV3BMaSJsKJtD8nBOsD9XU9yiMJJUQlNOWk9YM0RWSEtSVDJTUVpKTEczNDBIRy4u","response_id":"@triggerOutputs()?['body/resourceData/responseId']"},"authentication":"@parameters('$authentication')"}},"Insert_row_(V2)":{"runAfter":{"Get_response_details":["Succeeded"]},"metadata":{"operationMetadataId":"bd61f1b9-90eb-4f2a-95d5-fc94707f9965"},"type":"OpenApiConnection","inputs":{"host":{"apiId":"/providers/Microsoft.PowerApps/apis/shared_sql","connectionName":"shared_sql","operationId":"PostItem_V2"},"parameters":{"server":"default","database":"default","table":"[dbo].[FormResponses]","item/ID":"@triggerOutputs()?['body/resourceData/responseId']","item/Start_x0020_time":"@outputs('Get_response_details')?['body/submitDate']","item/Email":"@outputs('Get_response_details')?['body/responder']","item/Wie_x0020_heissen_x0020_sie_x003f_":"@outputs('Get_response_details')?['body/rbe6d842ef9a443a3ae7b184aee4d7a0f']","item/Welches_x0020_Geschlecht_x0020_haben_x0020_sie_x003f_":"@outputs('Get_response_details')?['body/re79d84fce68c4fd8a19cc8608e144c5f']","item/Wie_x0020_alt_x0020_sind_x0020_sie_x003f_":"@outputs('Get_response_details')?['body/r6909105a7d5b4d2c80bb5d73e3ad015e']","item/Wie_x0020_gut_x0020_ist_x0020_ihr_x0020_persönlicher_x0020_Kenntnisstand_x0020_in_x0020_der_x0020_CO2_x002d_Bilanzierung_x003f_":"@{outputs('Get_response_details')?['body/rb2f8d01920e342f3850a8a9290ebd382']}@{outputs('Get_response_details')?['body/rb2f8d01920e342f3850a8a9290ebd382']}","item/Wie_x0020_lautet_x0020_der_x0020_Name_x0020_des_x0020_betrachteten_x0020_Stakeholders_x003f_":"@outputs('Get_response_details')?['body/r8f4c8f4fe2324da99ee85f63b845ca79']"},"authentication":"@parameters('$authentication')"}}},"outputs":{},"description":"When a response is submitted through Microsoft Forms, store the submitted form data in a SQL Server table. The table must have the columns: SubmittedBy and SubmitttedDtm."},"connectionReferences":{"shared_microsoftforms":{"connectionName":"shared-microsoftform-e6a922fe-a67f-4033-8033-f7862e7f7b98","source":"Embedded","id":"/providers/Microsoft.PowerApps/apis/shared_microsoftforms","tier":"NotSpecified"},"shared_sql":{"connectionName":"shared-sql-31ee851e-1ec9-4c0f-9218-af380512b8da","source":"Embedded","id":"/providers/Microsoft.PowerApps/apis/shared_sql","tier":"NotSpecified"}},"flowFailureAlertSubscribed":false,"isManaged":false}}