{"name":"a308936f-846f-46b3-9b88-ac3fa388f424","id":"/providers/Microsoft.Flow/flows/a308936f-846f-46b3-9b88-ac3fa388f424","type":"Microsoft.Flow/flows","properties":{"apiId":"/providers/Microsoft.PowerApps/apis/shared_logicflows","displayName":"Automated Carbon footrprint survery form","definition":{"metadata":{"workflowEntityId":null,"processAdvisorMetadata":null,"flowclientsuspensionreason":"None","flowclientsuspensiontime":null,"flowclientsuspensionreasondetails":null,"creator":{"id":"9b286c22-f243-4e70-b03f-5753dca23092","type":"User","tenantId":"0785a2ad-70bc-4084-9574-505c57704c69"},"provisioningMethod":"FromDefinition","failureAlertSubscription":true,"clientLastModifiedTime":"2023-03-07T16:03:09.7375038Z"},"$schema":"https://schema.management.azure.com/providers/Microsoft.Logic/schemas/2016-06-01/workflowdefinition.json#","contentVersion":"1.0.0.0","parameters":{"$connections":{"defaultValue":{},"type":"Object"},"$authentication":{"defaultValue":{},"type":"SecureObject"}},"triggers":{"When_a_new_response_is_submitted":{"splitOn":"@triggerOutputs()?['body/value']","metadata":{"operationMetadataId":"37598605-616f-4238-b7c2-709fec221b8b"},"type":"OpenApiConnectionWebhook","inputs":{"host":{"apiId":"/providers/Microsoft.PowerApps/apis/shared_microsoftforms","connectionName":"shared_microsoftforms","operationId":"CreateFormWebhook"},"parameters":{"form_id":"raKFB7xwhECVdFBcV3BMaSJsKJtD8nBOsD9XU9yiMJJUQlNOWk9YM0RWSEtSVDJTUVpKTEczNDBIRy4u"},"authentication":"@parameters('$authentication')"}}},"actions":{"Get_response_details":{"runAfter":{},"metadata":{"operationMetadataId":"6860e872-452e-4872-8f5d-e2a5cf3e7f84"},"type":"OpenApiConnection","inputs":{"host":{"apiId":"/providers/Microsoft.PowerApps/apis/shared_microsoftforms","connectionName":"shared_microsoftforms","operationId":"GetFormResponseById"},"parameters":{"form_id":"raKFB7xwhECVdFBcV3BMaSJsKJtD8nBOsD9XU9yiMJJUQlNOWk9YM0RWSEtSVDJTUVpKTEczNDBIRy4u","response_id":"@triggerOutputs()?['body/resourceData/responseId']"},"authentication":"@parameters('$authentication')"}},"Add_a_row_into_a_table":{"runAfter":{"Get_response_details":["Succeeded"]},"metadata":{"01GIGHDOU66O2FJHMOXNGI7JVL3KIINMKA":"/Stakeholder Carbon Footprint - Selbsteinschätzung.xlsx","operationMetadataId":"c2724951-9265-4400-9332-be0537612ff2","tableId":"{00000000-000C-0000-FFFF-FFFF00000000}"},"type":"OpenApiConnection","inputs":{"host":{"apiId":"/providers/Microsoft.PowerApps/apis/shared_excelonlinebusiness","connectionName":"shared_excelonlinebusiness","operationId":"AddRowV2"},"parameters":{"source":"me","drive":"b!2YpVxC8QWUyViIeBVQxXmbUEHZfrmgBHt_tTaBz8weUyN1pjvioITLaEl8TiO-Q6","file":"01GIGHDOU66O2FJHMOXNGI7JVL3KIINMKA","table":"{00000000-000C-0000-FFFF-FFFF00000000}","dateTimeFormat":"ISO 8601","item/ID":"@triggerOutputs()?['body/resourceData/responseId']","item/Start time":"@outputs('Get_response_details')?['body/submitDate']","item/Completion time":"@outputs('Get_response_details')?['body/submitDate']","item/Email":"@outputs('Get_response_details')?['body/responder']","item/Wie heissen sie?":"@outputs('Get_response_details')?['body/rbe6d842ef9a443a3ae7b184aee4d7a0f']","item/Welches Geschlecht haben sie?":"@outputs('Get_response_details')?['body/re79d84fce68c4fd8a19cc8608e144c5f']","item/Wie alt sind sie?":"@outputs('Get_response_details')?['body/r6909105a7d5b4d2c80bb5d73e3ad015e']","item/Wie gut ist ihr persönlicher Kenntnisstand in der CO2-Bilanzierung? \n":"@outputs('Get_response_details')?['body/rb2f8d01920e342f3850a8a9290ebd382']","item/Wie lautet der Name des betrachteten Stakeholders?\n":"@outputs('Get_response_details')?['body/r8f4c8f4fe2324da99ee85f63b845ca79']","item/Welcher Gruppe ist der Stakeholder zuzuordnen?":"@outputs('Get_response_details')?['body/rae0d8d36af3e46c48fb0a7b2c148ea76']","item/In welcher Branche ist der Stakeholder vorwiegend aktiv?":"@outputs('Get_response_details')?['body/r52889d94445642389a87913c4c0ee4d7']","item/Welche Rolle haben sie innerhalb des Stakeholders?":"@outputs('Get_response_details')?['body/r5c0f4cdf3b354d7cbc7ee337ddf888c2']","item/Wie lautet ihre e-Mail Adresse?":"@outputs('Get_response_details')?['body/rda2c55776076480a93a69b767a415916']","item/Energie":"@outputs('Get_response_details')?['body/raab938af5b1b4f5eb263b57988a5b45a']","item/Mobilität":"@outputs('Get_response_details')?['body/r6b485f8dc49347f6bd5836ddc6b621c8']","item/Konsum":"@outputs('Get_response_details')?['body/rfc510610e91c434dbb643a8caeb59f45']","item/Gebäude & Infrastruktur":"@outputs('Get_response_details')?['body/r59f4a0bcd4694bd0b68c4aa4a7845bd8']","item/Nahrungsmittel":"@outputs('Get_response_details')?['body/rfc11609ffda944179fc9233044f8a071']","item/Dienstleistungen":"@outputs('Get_response_details')?['body/r53bc446586f9416b9521798cf017be07']","item/Umwelteinflüsse":"@outputs('Get_response_details')?['body/r17e4490e75954f7b8575a59f17ec0d89']","item/Falls gewünscht, können sie hier ihre Angaben zum Fußabdruck erklären und detaillieren_x002e_":"@outputs('Get_response_details')?['body/r2965a00ab29243799bf058a2d7188dae']","item/Investitionen":"@outputs('Get_response_details')?['body/rf57e650b69c54f90af2db6a4583196eb']","item/Förderung & Spenden":"@outputs('Get_response_details')?['body/r48e35b04baef4c5f863edc3309fbc261']","item/Falls gewünscht, können sie hier ihre Angaben zum Geldabdruck erklären und detaillieren_x002e_":"@outputs('Get_response_details')?['body/radea47ebefb84ee99fa7987ecc060dc7']","item/Kommunikation ~1 Überzeugung":"@outputs('Get_response_details')?['body/r236c032886e8401c8de996e5a93b5400']","item/Innovation ~1 Forschung":"@outputs('Get_response_details')?['body/r2ce988990b674a9897eb3ba70d68cf23']","item/Falls gewünscht, können sie hier ihre Angaben zum Handabdruck erklären und detaillieren_x002e_":"@outputs('Get_response_details')?['body/r2fe63fc7f2da4ea5bcfc66fbfa3408fe']","item/Do you want to answer more questions?":"@outputs('Get_response_details')?['body/r819b1df7bd6d425d81574bc820922446']","item/Strom (Emissionen)":"@outputs('Get_response_details')?['body/r7b86c9db75254475a50fc8e0261fbfaf']","item/Strom (Einfluss)":"@outputs('Get_response_details')?['body/r7aac1bfe903247848ef22f106e204e9f']","item/Wärme (Emissionen)":"@outputs('Get_response_details')?['body/r5dcf15934f0c427485eec4631bccafcb']","item/Wärme (Einfluss)":"@outputs('Get_response_details')?['body/r2efe6288f3f945639826bf72b56ff077']","item/Falls gewünscht, können sie hier ihre Angaben zu Energie erklären und detaillieren_x002e_":"@outputs('Get_response_details')?['body/r2a33254d0f804cd69d246aced859695e']","item/Straßenverkehr (Emissionen)":"@outputs('Get_response_details')?['body/ra0ff9226535345f094872097a8ac5e84']","item/Straßenverkehr (Einfluss)":"@outputs('Get_response_details')?['body/r0af5feffb9ad46da80b60f791a8164d9']","item/Schienenverkehr (Emissionen)":"@outputs('Get_response_details')?['body/r14798f93ecea487cadf9b6c59516dd22']","item/Schienenverkehr (Einfluss)":"@outputs('Get_response_details')?['body/rb17f79804e1441988892969727b968c8']","item/Luftverkehr (Emissionen)":"@outputs('Get_response_details')?['body/r0d5f4d3792904145932bb786ab973902']","item/Luftverkehr (Einfluss)":"@outputs('Get_response_details')?['body/r6239ec05ae954ac69eeaf29901e840dd']","item/Schiffsverkehr (Emissionen)":"@outputs('Get_response_details')?['body/re5b8578397864d2fb1d23a40903d04d5']","item/Schiffsverkehr (Einfluss)":"@outputs('Get_response_details')?['body/r6a7ed8b0d2be444db4cf1fa8b3c9bb6b']","item/Falls gewünscht, können sie hier ihre Angaben zu Mobilität erklären und detaillieren_x002e_":"@outputs('Get_response_details')?['body/r2f4964b7ef8845c889b5c1c9502dabca']","item/Elektrogeräte (Emissionen)":"@outputs('Get_response_details')?['body/r5987a7fbef954283b75566c6dc348604']","item/Elektrogeräte (Einfluss)":"@outputs('Get_response_details')?['body/rd8280af368644fa29caa9dbed9ef9275']","item/Haushalt (Emissionen)":"@outputs('Get_response_details')?['body/re64950b7ca2d41099de364450dab9226']","item/Haushalt (Einfluss)":"@outputs('Get_response_details')?['body/re3bae675d1f34aacbacb3a962d16686b']","item/Kleidung (Emissionen)":"@outputs('Get_response_details')?['body/r38b8cc1072ac4580b956ca9f7cdf8ba4']","item/Kleidung (Einfluss)":"@outputs('Get_response_details')?['body/r835224ef3eb64e9c9098e1adda76b632']","item/Pharma (Emissionen)":"@outputs('Get_response_details')?['body/r8ae7eae155544e25b8b458f8e5967138']","item/Pharma (Einfluss)":"@outputs('Get_response_details')?['body/rf4881a8bbf684d41b3f5ff7e1653a5e8']","item/Rohstoffe (Emissionen)":"@outputs('Get_response_details')?['body/r52900f13d9504fe0996240211f6d00b1']","item/Rohstoffe (Einfluss)":"@outputs('Get_response_details')?['body/r244d9ed955134d82a5e679714f1590d5']","item/Produktionsmaschinen (Emissionen)":"@outputs('Get_response_details')?['body/r45e69739eef94c5dba7e9f8c830b9b7f']","item/Produktionsmaschinen (Einfluss)":"@outputs('Get_response_details')?['body/r002d7af426544e07bc886b8a4897964f']","item/Falls gewünscht, können sie hier ihre Angaben zu Konsum erklären und detaillieren_x002e_":"@outputs('Get_response_details')?['body/r9dc1b8d3034e42ef834ad962db3c20a1']","item/Wohngebäude (Emissionen)":"@outputs('Get_response_details')?['body/r50d73e40e7df48c6b25a40757f58edff']","item/Wohngebäude (Einfluss)":"@outputs('Get_response_details')?['body/r658d2d12a38540bda70e3800a86dacfd']","item/Unternehmensgebäude (Emissionen)":"@outputs('Get_response_details')?['body/r89414e3a9ca3404c932306cd8677a6af']","item/Unternehmensgebäude (Einfluss)":"@outputs('Get_response_details')?['body/r748f1ce18041400bb495420e4f7e52e7']","item/Infrastruktur (Emissionen)":"@outputs('Get_response_details')?['body/rd64004faf1af403498d533b44c999e05']","item/Infrastruktur (Einfluss)":"@outputs('Get_response_details')?['body/r88bd373ca9dd4953b76a5c7bd66364d1']","item/Falls gewünscht, können sie hier ihre Angaben zu Gebäude & Infrastruktur erklären und detaillieren_x002e_":"@outputs('Get_response_details')?['body/r056b830eaeb04c52b423331f1223eae5']","item/Fleisch (Emissionen)":"@outputs('Get_response_details')?['body/r2cd738fe878d4e7cb142633213acd078']","item/Fleisch (Einfluss)":"@outputs('Get_response_details')?['body/r174f0e5811b5453590ab8ff425ecde80']","item/Getreide (Emissionen)":"@outputs('Get_response_details')?['body/r0da60270fcd6425a91ac31ecfe76f864']","item/Getreide (Einfluss)":"@outputs('Get_response_details')?['body/r9c3fc57d4d8b441ca650fbe38b96d444']","item/Obst & Gemüse (Emissionen)":"@outputs('Get_response_details')?['body/r901c8736dd164bcabd049cdfbb680efd']","item/Obst & Gemüse (Einfluss)":"@outputs('Get_response_details')?['body/rede675cb82ca48deaff22a6b89c75d02']","item/Milch & Käse (Emissionen)":"@outputs('Get_response_details')?['body/rfffa21b950af43e38b6bdf0061a63f56']","item/Milch & Käse (Einfluss)":"@outputs('Get_response_details')?['body/r545c9913f2864fa0b8945610a8aa54e2']","item/Getränke (Emissionen)":"@outputs('Get_response_details')?['body/rd620bd01a48d4b73a46c111699c84f23']","item/Getränke (Einfluss)":"@outputs('Get_response_details')?['body/r11d88df564fb4445a6ddedd2993a4247']","item/Tabakwaren (Emissionen)":"@outputs('Get_response_details')?['body/r71981c6f1d364ce8ac6d602dc9b48496']","item/Tabakwaren (Einfluss)":"@outputs('Get_response_details')?['body/r9622f21ae4a448c8b16236a480a06fc9']","item/Falls gewünscht, können sie hier ihre Angaben zu Nahrungsmitteln erklären und detaillieren_x002e_":"@outputs('Get_response_details')?['body/rf3b53726a18f43178c99ceddcac26766']","item/Beratung (Emissionen)":"@outputs('Get_response_details')?['body/rc984271e95074bcebc4616d62d4567b6']","item/Beratung (Einfluss)":"@outputs('Get_response_details')?['body/re28e471bc8f6431bbb1030a74e02d8fe']","item/Bildung (Emissionen)":"@outputs('Get_response_details')?['body/ra31f57b5e172478bbf7477493c1857d1']","item/Bildung (Einfluss)":"@outputs('Get_response_details')?['body/r5d21262bb3754f48a701d87d8c62a77a']","item/Medien (Emissionen)":"@outputs('Get_response_details')?['body/rba8da9798a58479abcb8a13bb96d270e']","item/Medien (Einfluss)":"@outputs('Get_response_details')?['body/rf4a8841f89a04e3c9156ca29c04125d7']","item/Hotel & Gastronomie (Emissionen)":"@outputs('Get_response_details')?['body/r26425873d1fd4e9ba4279fbb805ed5ad']","item/Hotel & Gastronomie (Einfluss)":"@outputs('Get_response_details')?['body/r8a010ae92e1b4e3580d9a18502b3fb84']","item/Gesundheit & Körperpflege (Emissionen)":"@outputs('Get_response_details')?['body/ra02606fe35a3483bb4924af48b4b720f']","item/Gesundheit & Körperpflege (Einfluss)":"@outputs('Get_response_details')?['body/rf701a94ba8024c49934a24c9e6b7135a']","item/Finanzdienstleistungen (Emissionen)":"@outputs('Get_response_details')?['body/rc64249535a8c47d180a4e815a23d507c']","item/Finanzdienstleistungen (Einfluss)":"@outputs('Get_response_details')?['body/rb4fcbbfd7ac34e639b8cf16d7bd2fca4']","item/Verwaltung (Emissionen)":"@outputs('Get_response_details')?['body/ra6db9d6aaba34ecdac611e5722ceab49']","item/Verwaltung (Einfluss)":"@outputs('Get_response_details')?['body/r76b098768bce4e40b258603bbe1c8ac5']","item/Falls gewünscht, können sie hier ihre Angaben zu Dienstleistungen erklären und detaillieren_x002e_":"@outputs('Get_response_details')?['body/r0065983f7f874692a9eaafad2586c205']","item/Veränderung in der Landnutzung (Emissionen)":"@outputs('Get_response_details')?['body/r4c848381382c4125bead977c82521b4c']","item/Veränderung in der Landnutzung (Einfluss)":"@outputs('Get_response_details')?['body/r2e47907bd77849368bcdfb9629c7a746']","item/Vulkanausbrüche (Emissionen)":"@outputs('Get_response_details')?['body/r2d62306e577440e795d41a9ef770d16a']","item/Vulkanausbrüche (Einfluss)":"@outputs('Get_response_details')?['body/r27a6255c95ff4922afe93c4b57fe0b3a']","item/Waldbrände (Emissionen)":"@outputs('Get_response_details')?['body/r6463f00823ee431db21805ab50d529db']","item/Waldbrände (Einfluss)":"@outputs('Get_response_details')?['body/r32190d5ee4d04b5a89e33b253d34a975']","item/Falls gewünscht, können sie hier ihre Angaben zu Umwelteinflüssen erklären und detaillieren_x002e_":"@outputs('Get_response_details')?['body/rf31a50c5696d4200a2909f19d9b20a74']","item/Aktien (Emissionen)":"@outputs('Get_response_details')?['body/rb341abe072684ad785a843581148a97b']","item/Aktien (Einfluss)":"@outputs('Get_response_details')?['body/r57c99881580b4a4dbe5cfa252191a3f8']","item/Anleihen (Emissionen)":"@outputs('Get_response_details')?['body/r195975faef524e92b4d088dcef5ba9c7']","item/Anleihen (Einfluss)":"@outputs('Get_response_details')?['body/rb1e16ba0cd1e4dbfa1d222c574314c7d']","item/Immobilien (Emissionen)":"@outputs('Get_response_details')?['body/rf9ecdcd4d83e45f4aec9da61181b9456']","item/Immobilien (Einfluss)":"@outputs('Get_response_details')?['body/r661a26bb16514b5f852d70e94dc279f7']","item/Projektfinanzierung (Emissionen)":"@outputs('Get_response_details')?['body/r1e74854a0e504e768a426bb127a519e8']","item/Projektfinanzierung (Einfluss)":"@outputs('Get_response_details')?['body/re2e49c14cb134c2888e73cd045990f12']","item/Beteiligungen (Emissionen)":"@outputs('Get_response_details')?['body/ra9568991056e45ddaa99af8639a5e52c']","item/Beteiligungen (Einfluss)":"@outputs('Get_response_details')?['body/rf19a8650151c41b1956a2486827dc389']","item/Falls gewünscht, können sie hier ihre Angaben zu Investitionen erklären und detaillieren_x002e_":"@outputs('Get_response_details')?['body/rf639bc90c4fd4ba6be21f1c836b68805']","item/CO2-Zertifikate (Emissionen)":"@outputs('Get_response_details')?['body/rba559483d227493ea7da49f45940dd51']","item/CO2-Zertifikate (Einfluss)":"@outputs('Get_response_details')?['body/r3ee68a68325245b88ed25873fb88be4e']","item/Spenden (Emissionen)":"@outputs('Get_response_details')?['body/ra3a4b1d5a1c94a579184af00dcfed04f']","item/Spenden (Einfluss)":"@outputs('Get_response_details')?['body/r762d1281bacf49c9ab29b87cd28617e1']","item/Projektförderung & Sponsoring (Emissionen)":"@outputs('Get_response_details')?['body/racff07e368ab4832ae1f437d9ac44278']","item/Projektförderung & Sponsoring (Einfluss)":"@outputs('Get_response_details')?['body/rb499286da3044c37a3518976cd86c678']","item/Falls gewünscht, können sie hier ihre Angaben zu Förderung & Spenden erklären und detaillieren_x002e_":"@outputs('Get_response_details')?['body/rae161e63fa1e4580bfe5f651869c67d6']","item/Medien (Emissionen)2":"@outputs('Get_response_details')?['body/r52f28dcb46d643dcb30e28901f00a4d8']","item/Medien (Einfluss)2":"@outputs('Get_response_details')?['body/r36eff8e3a79d436897e8f378b7ac8796']","item/Interaktion (Emissionen)":"@outputs('Get_response_details')?['body/r730779142b8c4827aae97e1e17073d7f']","item/Interaktion (Einfluss)":"@outputs('Get_response_details')?['body/r3a2723449c024bf893f7813f12a7f8aa']","item/Falls gewünscht, können sie hier ihre Angaben zu Kommunikation erklären und detaillieren_x002e_":"@outputs('Get_response_details')?['body/r24572f2571f44b93a240ad5ca4db2c94']","item/Produktverbesserung (Emissionen)":"@outputs('Get_response_details')?['body/r0425deb685154d9bac810c13a9838aa7']","item/Produktverbesserung (Einfluss)":"@outputs('Get_response_details')?['body/r592c7c757f4349e8a2a939f58636da08']","item/Prozessverbesserung (Emissionen)":"@outputs('Get_response_details')?['body/r6b5d17385acd4fd99c0e725758e2e388']","item/Prozessverbesserung (Einfluss)":"@outputs('Get_response_details')?['body/r210b90133c6c4158af1f8bb6ab79e989']","item/Anforderungsänderung (Emission)":"@outputs('Get_response_details')?['body/r87bd2881053b4958baa26fd47d0a4e80']","item/Anforderungsänderung (Einfluss)":"@outputs('Get_response_details')?['body/rd83accb9fe444ddab041dd13292dfc61']","item/Falls gewünscht, können sie hier ihre Angaben zu Innovationen erklären und detaillieren_x002e_":"@outputs('Get_response_details')?['body/r2afc6e0cdffa456091ba063be9a55a29']","item/Datenschutzanforderungen":"@outputs('Get_response_details')?['body/r114d530695554d1e97ea5f7008693f6c']"},"authentication":"@parameters('$authentication')"}}}},"connectionReferences":{"shared_microsoftforms":{"connectionName":"shared-microsoftform-e6a922fe-a67f-4033-8033-f7862e7f7b98","source":"Embedded","id":"/providers/Microsoft.PowerApps/apis/shared_microsoftforms","tier":"NotSpecified"},"shared_excelonlinebusiness":{"connectionName":"shared-excelonlinebu-c8afe2b2-7d6f-41c6-9754-4d4ef6af2684","source":"Embedded","id":"/providers/Microsoft.PowerApps/apis/shared_excelonlinebusiness","tier":"NotSpecified"}},"flowFailureAlertSubscribed":false,"isManaged":false}}